,a,y
0,96,2012-10-29
1,96,2012-10-30
2,96,2012-10-31
3,98,2012-11-01
4,98,2012-11-02
5,98,2012-11-03
6,101,2012-11-04
7,101,2012-11-05
8,101,2012-11-06
9,101,2012-11-07
10,102,2012-11-08
11,103,2012-11-09
12,103,2012-11-10
13,103,2012-11-11
14,104,2012-11-12
15,104,2012-11-13
16,104,2012-11-14
17,104,2012-11-15
18,104,2012-11-16
19,104,2012-11-17
20,104,2012-11-18
21,104,2012-11-19
22,105,2012-11-20
23,107,2012-11-21
24,107,2012-11-22
25,107,2012-11-23
26,107,2012-11-24
27,108,2012-11-25
28,108,2012-11-26
29,108,2012-11-27
30,108,2012-11-28
31,109,2012-11-29
32,110,2012-11-30
33,111,2012-12-01
34,111,2012-12-02
35,112,2012-12-03
36,113,2012-12-04
37,113,2012-12-05
38,113,2012-12-06
39,113,2012-12-07
40,113,2012-12-08
41,113,2012-12-09
42,113,2012-12-10
43,113,2012-12-11
44,113,2012-12-12
45,113,2012-12-13
46,114,2012-12-14
47,114,2012-12-15
48,114,2012-12-16
49,114,2012-12-17
50,114,2012-12-18
51,115,2012-12-19
52,115,2012-12-20
53,115,2012-12-21
54,115,2012-12-22
55,115,2012-12-23
56,115,2012-12-24
57,115,2012-12-25
58,115,2012-12-26
59,115,2012-12-27
60,116,2012-12-28
61,116,2012-12-29
62,116,2012-12-30
63,117,2012-12-31
64,118,2013-01-01
65,119,2013-01-02
66,118,2013-01-03
67,117,2013-01-04
68,118,2013-01-05
69,118,2013-01-06
70,118,2013-01-07
71,117,2013-01-08
72,118,2013-01-09
73,118,2013-01-10
74,119,2013-01-11
75,119,2013-01-12
76,119,2013-01-13
77,122,2013-01-14
78,122,2013-01-15
79,122,2013-01-16
80,121,2013-01-17
81,121,2013-01-18
82,121,2013-01-19
83,121,2013-01-20
84,122,2013-01-21
85,122,2013-01-22
86,123,2013-01-23
87,124,2013-01-24
88,126,2013-01-25
89,128,2013-01-26
90,128,2013-01-27
91,128,2013-01-28
92,130,2013-01-29
93,131,2013-01-30
94,133,2013-01-31
95,135,2013-02-01
96,138,2013-02-02
97,140,2013-02-03
98,142,2013-02-04
99,146,2013-02-05
100,146,2013-02-06
101,146,2013-02-07
102,146,2013-02-08
103,148,2013-02-09
104,150,2013-02-10
105,153,2013-02-11
106,153,2013-02-12
107,156,2013-02-13
108,160,2013-02-14
109,163,2013-02-15
110,164,2013-02-16
111,166,2013-02-17
112,173,2013-02-18
113,182,2013-02-19
114,185,2013-02-20
115,188,2013-02-21
116,192,2013-02-22
117,194,2013-02-23
118,196,2013-02-24
119,202,2013-02-25
120,203,2013-02-26
121,205,2013-02-27
122,208,2013-02-28
123,212,2013-03-01
124,216,2013-03-02
125,220,2013-03-03
126,224,2013-03-04
127,239,2013-03-05
128,241,2013-03-06
129,248,2013-03-07
130,253,2013-03-08
131,262,2013-03-09
132,291,2013-03-09
133,308,2013-03-10
134,326,2013-03-11
135,361,2013-03-12
136,391,2013-03-13
137,423,2013-03-14
138,448,2013-03-15
139,463,2013-03-16
140,487,2013-03-17
141,495,2013-03-18
142,514,2013-03-19
143,533,2013-03-20
144,552,2013-03-21
145,568,2013-03-22
146,594,2013-03-23
147,618,2013-03-24
148,643,2013-03-25
149,674,2013-03-26
150,704,2013-03-27
151,745,2013-03-28
152,773,2013-03-29
153,806,2013-03-30
154,870,2013-03-31
155,934,2013-04-01
156,1174,2013-04-02
157,1371,2013-04-03
158,1505,2013-04-04
159,1587,2013-04-05
160,1664,2013-04-06
161,1759,2013-04-07
162,1861,2013-04-08
163,2054,2013-04-09
164,2223,2013-04-10
165,2396,2013-04-11
166,2502,2013-04-12
167,2600,2013-04-13
168,2702,2013-04-14
169,2770,2013-04-15
170,2830,2013-04-16
171,2886,2013-04-17
172,2934,2013-04-18
173,2966,2013-04-19
174,2998,2013-04-20
175,3063,2013-04-21
176,3140,2013-04-22
177,3181,2013-04-23
178,3223,2013-04-24
179,3302,2013-04-25
180,3374,2013-04-26
181,3464,2013-04-27
182,3508,2013-04-28
183,3566,2013-04-29
184,3627,2013-04-30
185,3679,2013-05-01
186,3733,2013-05-02
187,3761,2013-05-03
188,3785,2013-05-04
189,3816,2013-05-05
190,3859,2013-05-06
191,3898,2013-05-07
192,3925,2013-05-08
193,3945,2013-05-09
194,3963,2013-05-10
195,3983,2013-05-11
196,4005,2013-05-12
197,4041,2013-05-13
198,4066,2013-05-14
199,4090,2013-05-15
200,4110,2013-05-16
201,4116,2013-05-17
202,4124,2013-05-18
203,4133,2013-05-19
204,4147,2013-05-20
205,4164,2013-05-21
206,4175,2013-05-22
207,4195,2013-05-23
208,4209,2013-05-24
209,4221,2013-05-25
210,4238,2013-05-26
211,4250,2013-05-27
212,4260,2013-05-28
213,4278,2013-05-29
214,4300,2013-05-30
215,4315,2013-05-31
216,4332,2013-06-01
217,4348,2013-06-02
218,4359,2013-06-03
219,4391,2013-06-04
220,4435,2013-06-05
221,4448,2013-06-06
222,4461,2013-06-07
223,4480,2013-06-08
224,4497,2013-06-09
225,4521,2013-06-10
226,4543,2013-06-11
227,4566,2013-06-12
228,4582,2013-06-13
229,4590,2013-06-14
230,4594,2013-06-15
231,4608,2013-06-16
232,4616,2013-06-17
233,4631,2013-06-18
234,4641,2013-06-19
235,4653,2013-06-20
236,4674,2013-06-21
237,4702,2013-06-22
238,4730,2013-06-23
239,4741,2013-06-24
240,4770,2013-06-25
241,4793,2013-06-26
242,4816,2013-06-27
243,4826,2013-06-28
244,4841,2013-06-29
245,4862,2013-06-30
246,5040,2013-07-01
247,5075,2013-07-02
248,5107,2013-07-03
249,5120,2013-07-04
250,5137,2013-07-05
251,5050,2013-07-06
252,5062,2013-07-07
253,5073,2013-07-08
254,5085,2013-07-09
255,5092,2013-07-10
256,5099,2013-07-11
257,5106,2013-07-12
258,5108,2013-07-13
259,5120,2013-07-14
260,5127,2013-07-15
261,5132,2013-07-16
262,5139,2013-07-17
263,5147,2013-07-18
264,5159,2013-07-19
265,5165,2013-07-20
266,5166,2013-07-21
267,5181,2013-07-22
268,5194,2013-07-23
269,5206,2013-07-24
270,5215,2013-07-25
271,5227,2013-07-26
272,5235,2013-07-27
273,5243,2013-07-28
274,5249,2013-07-29
275,5258,2013-07-30
276,5271,2013-07-31
277,5282,2013-08-01
278,5284,2013-08-02
279,5288,2013-08-03
280,5302,2013-08-04
281,5306,2013-08-05
282,5316,2013-08-06
283,5325,2013-08-07
284,5332,2013-08-08
285,5335,2013-08-09
286,5339,2013-08-10
287,5348,2013-08-11
288,5360,2013-08-12
289,5370,2013-08-13
290,5378,2013-08-14
291,5389,2013-08-15
292,5398,2013-08-16
293,5409,2013-08-17
294,5415,2013-08-18
295,5425,2013-08-19
296,5429,2013-08-20
297,5432,2013-08-21
298,5444,2013-08-22
299,5452,2013-08-23
300,5456,2013-08-24
301,5466,2013-08-25
302,5472,2013-08-26
303,5476,2013-08-27
304,5486,2013-08-28
305,5491,2013-08-29
306,5503,2013-08-30
307,5515,2013-08-31
308,5522,2013-09-01
309,5528,2013-09-02
310,5539,2013-09-03
311,5557,2013-09-04
312,5554,2013-09-05
313,5560,2013-09-06
314,5566,2013-09-07
315,5573,2013-09-08
316,5578,2013-09-09
317,5589,2013-09-10
318,5603,2013-09-11
319,5615,2013-09-12
320,5623,2013-09-13
321,5621,2013-09-14
322,5628,2013-09-15
323,5630,2013-09-16
324,5636,2013-09-17
325,5641,2013-09-18
326,5642,2013-09-19
327,5654,2013-09-20
328,5661,2013-09-21
329,5667,2013-09-22
330,5671,2013-09-23
331,5677,2013-09-24
332,5680,2013-09-25
333,5684,2013-09-26
334,5687,2013-09-27
335,5697,2013-09-28
336,5697,2013-09-29
337,5699,2013-09-30
338,5701,2013-10-01
339,5715,2013-10-02
340,5728,2013-10-03
341,5740,2013-10-04
342,5751,2013-10-05
343,5752,2013-10-06
344,5758,2013-10-07
345,5765,2013-10-08
346,5774,2013-10-09
347,5791,2013-10-10
348,5805,2013-10-11
349,5815,2013-10-12
350,5830,2013-10-13
351,5843,2013-10-14
352,5839,2013-10-15
353,5850,2013-10-16
354,5858,2013-10-17
355,5868,2013-10-18
356,5868,2013-10-19
357,5880,2013-10-20
358,5891,2013-10-21
359,5912,2013-10-22
360,5932,2013-10-23
361,5937,2013-10-24
362,5950,2013-10-25
363,5971,2013-10-26
364,5974,2013-10-27
365,5984,2013-10-28
366,6067,2013-10-29
367,6139,2013-10-30
368,6207,2013-10-31
369,6246,2013-11-01
370,6300,2013-11-02
371,6366,2013-11-03
372,6418,2013-11-04
373,6465,2013-11-05
374,6531,2013-11-06
375,6618,2013-11-07
376,6687,2013-11-08
377,6744,2013-11-09
378,6800,2013-11-10
379,6859,2013-11-11
380,6916,2013-11-12
381,6988,2013-11-13
382,7104,2013-11-14
383,7181,2013-11-15
384,7228,2013-11-16
385,7323,2013-11-17
386,7688,2013-11-18
387,7943,2013-11-19
388,8200,2013-11-20
389,8384,2013-11-21
390,8564,2013-11-22
391,8713,2013-11-23
392,8870,2013-11-24
393,9080,2013-11-25
394,9486,2013-11-26
395,10043,2013-11-27
396,10644,2013-11-28
397,10995,2013-11-29
398,11278,2013-11-30
399,11615,2013-12-01
400,11936,2013-12-02
401,12217,2013-12-03
402,12560,2013-12-04
403,12847,2013-12-05
404,13079,2013-12-06
405,13259,2013-12-07
406,13438,2013-12-08
407,13645,2013-12-09
408,13901,2013-12-10
409,14083,2013-12-11
410,14241,2013-12-12
411,14374,2013-12-13
412,14486,2013-12-14
413,14662,2013-12-15
414,14800,2013-12-16
415,14945,2013-12-17
416,15115,2013-12-18
417,15206,2013-12-19
418,15291,2013-12-20
419,15378,2013-12-21
420,15457,2013-12-22
421,15538,2013-12-23
422,15590,2013-12-24
423,15674,2013-12-25
424,15788,2013-12-26
425,15868,2013-12-27
426,15938,2013-12-28
427,16014,2013-12-29
428,16071,2013-12-30
429,16124,2013-12-31
430,16187,2014-01-01
431,16264,2014-01-02
432,16324,2014-01-03
433,16396,2014-01-04
434,16501,2014-01-05
435,16584,2014-01-06
436,16658,2014-01-07
437,16705,2014-01-08
438,16770,2014-01-09
439,16850,2014-01-10
440,16914,2014-01-11
441,16987,2014-01-12
442,17061,2014-01-13
443,17151,2014-01-14
444,17234,2014-01-15
445,17298,2014-01-16
446,17356,2014-01-17
447,17396,2014-01-18
448,17465,2014-01-19
449,17543,2014-01-20
450,17635,2014-01-21
451,17743,2014-01-22
452,17840,2014-01-23
453,17929,2014-01-24
454,17977,2014-01-25
455,18057,2014-01-26
456,18124,2014-01-27
457,18191,2014-01-28
458,18298,2014-01-29
459,18385,2014-01-30
460,18443,2014-01-31
461,18503,2014-02-01
462,18546,2014-02-02
463,18607,2014-02-03
464,18691,2014-02-04
465,18744,2014-02-05
466,18786,2014-02-06
467,18841,2014-02-07
468,18906,2014-02-08
469,18959,2014-02-09
470,19016,2014-02-10
471,19078,2014-02-11
472,19113,2014-02-12
473,19165,2014-02-13
474,19214,2014-02-14
475,19250,2014-02-15
476,19295,2014-02-16
477,19326,2014-02-17
478,19364,2014-02-18
479,19394,2014-02-19
480,19424,2014-02-20
481,19439,2014-02-21
482,19466,2014-02-22
483,19489,2014-02-23
484,19524,2014-02-24
485,19565,2014-02-25
486,19609,2014-02-26
487,19642,2014-02-27
488,19691,2014-02-28
489,19728,2014-03-01
490,19770,2014-03-02
491,19806,2014-03-03
492,19870,2014-03-04
493,19913,2014-03-05
494,19966,2014-03-06
495,20010,2014-03-07
496,20043,2014-03-08
497,20100,2014-03-08
498,20115,2014-03-09
499,20130,2014-03-10
500,20153,2014-03-11
501,20171,2014-03-12
502,20199,2014-03-13
503,20216,2014-03-14
504,20226,2014-03-15
505,20279,2014-03-16
506,20328,2014-03-17
507,20408,2014-03-18
508,20456,2014-03-19
509,20468,2014-03-20
510,20479,2014-03-21
511,20492,2014-03-22
512,20495,2014-03-23
513,20506,2014-03-24
514,20519,2014-03-25
515,20534,2014-03-26
516,20555,2014-03-27
517,20576,2014-03-28
518,20581,2014-03-29
519,20598,2014-03-30
520,20600,2014-03-31
521,20617,2014-04-01
522,20622,2014-04-02
523,20640,2014-04-03
524,20645,2014-04-04
525,20660,2014-04-05
526,20660,2014-04-06
527,20681,2014-04-07
528,20703,2014-04-08
529,20705,2014-04-09
530,20715,2014-04-10
531,20727,2014-04-11
532,20735,2014-04-12
533,20744,2014-04-13
534,20749,2014-04-14
535,20758,2014-04-15
536,20765,2014-04-16
537,20768,2014-04-17
538,20786,2014-04-18
539,20786,2014-04-19
540,20785,2014-04-20
541,20793,2014-04-21
542,20796,2014-04-22
543,20801,2014-04-23
544,20804,2014-04-24
545,20807,2014-04-25
546,20806,2014-04-26
547,20808,2014-04-27
548,20821,2014-04-28
549,20837,2014-04-29
550,20849,2014-04-30
551,20861,2014-05-01
552,20864,2014-05-02
553,20856,2014-05-03
554,20855,2014-05-04
555,20857,2014-05-05
556,20869,2014-05-06
557,20858,2014-05-07
558,20846,2014-05-08
559,20842,2014-05-09
560,20840,2014-05-10
561,20836,2014-05-11
562,20826,2014-05-12
563,20833,2014-05-13
564,20842,2014-05-14
565,20841,2014-05-15
566,20850,2014-05-16
567,20844,2014-05-17
568,20844,2014-05-18
569,20834,2014-05-19
570,20834,2014-05-20
571,20824,2014-05-21
572,20830,2014-05-22
573,20830,2014-05-23
574,20841,2014-05-24
575,20852,2014-05-25
576,20843,2014-05-26
577,20849,2014-05-27
578,20854,2014-05-28
579,20857,2014-05-29
580,20850,2014-05-30
581,20843,2014-05-31
582,20847,2014-06-01
583,20848,2014-06-02
584,20850,2014-06-03
585,20854,2014-06-04
586,20848,2014-06-05
587,20856,2014-06-06
588,20868,2014-06-07
589,20871,2014-06-08
590,20869,2014-06-09
591,20868,2014-06-10
592,20867,2014-06-11
593,20879,2014-06-12
594,20884,2014-06-13
595,20882,2014-06-14
596,20881,2014-06-15
597,20882,2014-06-16
598,20893,2014-06-17
599,20898,2014-06-18
600,20897,2014-06-19
601,20889,2014-06-20
602,20893,2014-06-21
603,20888,2014-06-22
604,20876,2014-06-23
605,20875,2014-06-24
606,20876,2014-06-25
607,20872,2014-06-26
608,20867,2014-06-27
609,20873,2014-06-28
610,20879,2014-06-29
611,20873,2014-06-30
612,20874,2014-07-01
613,20875,2014-07-02
614,20871,2014-07-03
615,20882,2014-07-04
616,20889,2014-07-05
617,20893,2014-07-06
618,20895,2014-07-07
619,20894,2014-07-08
620,20895,2014-07-09
621,20893,2014-07-10
622,20900,2014-07-11
623,20900,2014-07-12
624,20891,2014-07-13
625,20898,2014-07-14
626,20885,2014-07-15
627,20886,2014-07-16
628,20886,2014-07-17
629,20892,2014-07-18
630,20901,2014-07-19
631,20907,2014-07-20
632,20911,2014-07-21
633,20906,2014-07-22
634,20905,2014-07-23
635,20903,2014-07-24
636,20903,2014-07-25
637,20905,2014-07-26
638,20901,2014-07-27
639,20903,2014-07-28
640,20896,2014-07-29
641,20897,2014-07-30
642,20893,2014-07-31
643,20886,2014-08-01
644,20884,2014-08-02
645,20893,2014-08-03
646,20887,2014-08-04
647,20892,2014-08-05
648,20886,2014-08-06
649,20883,2014-08-07
650,20881,2014-08-08
651,20877,2014-08-09
652,20877,2014-08-10
653,20887,2014-08-11
654,20891,2014-08-12
655,20890,2014-08-13
656,20889,2014-08-14
657,20886,2014-08-15
658,20878,2014-08-16
659,20883,2014-08-17
660,20881,2014-08-18
661,20876,2014-08-19
662,20869,2014-08-20
663,20871,2014-08-21
664,20864,2014-08-22
665,20851,2014-08-23
666,20849,2014-08-24
667,20854,2014-08-25
668,20853,2014-08-26
669,20848,2014-08-27
670,20849,2014-08-28
671,20851,2014-08-29
672,20846,2014-08-30
673,20840,2014-08-31
674,20836,2014-09-01
675,20838,2014-09-02
676,20840,2014-09-03
677,20843,2014-09-04
678,20840,2014-09-05
679,20828,2014-09-06
680,20828,2014-09-07
681,20838,2014-09-08
682,20842,2014-09-09
683,20844,2014-09-10
684,20846,2014-09-11
685,20839,2014-09-12
686,20833,2014-09-13
687,20848,2014-09-14
688,20844,2014-09-15
689,20846,2014-09-16
690,20846,2014-09-17
691,20844,2014-09-18
692,20837,2014-09-19
693,20830,2014-09-20
694,20826,2014-09-21
695,20823,2014-09-22
696,20817,2014-09-23
697,20813,2014-09-24
698,20808,2014-09-25
699,20805,2014-09-26
700,20813,2014-09-27
701,20816,2014-09-28
702,20807,2014-09-29
703,20802,2014-09-30
704,20802,2014-10-01
705,20798,2014-10-02
706,20799,2014-10-03
707,20801,2014-10-04
708,20795,2014-10-05
709,20796,2014-10-06
710,20796,2014-10-07
711,20796,2014-10-08
712,20793,2014-10-09
713,20807,2014-10-10
714,20808,2014-10-11
715,20801,2014-10-12
716,20799,2014-10-13
717,20792,2014-10-14
718,20787,2014-10-15
719,20785,2014-10-16
720,20780,2014-10-17
721,20783,2014-10-18
722,20764,2014-10-19
723,20762,2014-10-20
724,20771,2014-10-21
725,20772,2014-10-22
726,20773,2014-10-23
727,20760,2014-10-24
728,20759,2014-10-25
729,20753,2014-10-26
730,20747,2014-10-27
731,20746,2014-10-28
732,20740,2014-10-29
733,20742,2014-10-30
734,20741,2014-10-31
735,20733,2014-11-01
736,20733,2014-11-02
737,20734,2014-11-03
738,20726,2014-11-04
739,20721,2014-11-05
740,20721,2014-11-06
741,20720,2014-11-07
742,20715,2014-11-08
743,20713,2014-11-09
744,20709,2014-11-10
745,20710,2014-11-11
746,20702,2014-11-12
747,20699,2014-11-13
748,20695,2014-11-14
749,20690,2014-11-15
750,20690,2014-11-16
751,20679,2014-11-17
752,20677,2014-11-18
753,20675,2014-11-19
754,20676,2014-11-20
755,20665,2014-11-21
756,20653,2014-11-22
757,20644,2014-11-23
758,20635,2014-11-24
759,20640,2014-11-25
760,20634,2014-11-26
761,20629,2014-11-27
762,20628,2014-11-28
763,20620,2014-11-29
764,20614,2014-11-30
765,20613,2014-12-01
766,20611,2014-12-02
767,20603,2014-12-03
768,20601,2014-12-04
769,20599,2014-12-05
770,20600,2014-12-06
771,20595,2014-12-07
772,20588,2014-12-08
773,20578,2014-12-09
774,20569,2014-12-10
775,20565,2014-12-11
776,20563,2014-12-12
777,20561,2014-12-13
778,20552,2014-12-14
779,20553,2014-12-15
780,20546,2014-12-16
781,20536,2014-12-17
782,20530,2014-12-18
783,20524,2014-12-19
784,20524,2014-12-20
785,20517,2014-12-21
786,20520,2014-12-22
787,20518,2014-12-23
788,20515,2014-12-24
789,20503,2014-12-25
790,20506,2014-12-26
791,20508,2014-12-27
792,20501,2014-12-28
793,20502,2014-12-29
794,20506,2014-12-30
795,20505,2014-12-31
796,20500,2015-01-01
797,20493,2015-01-02
798,20487,2015-01-03
799,20473,2015-01-04
800,20469,2015-01-05
801,20476,2015-01-06
802,20477,2015-01-07
803,20471,2015-01-08
804,20475,2015-01-09
805,20472,2015-01-10
806,20464,2015-01-11
807,20472,2015-01-12
808,20472,2015-01-13
809,20473,2015-01-14
810,20470,2015-01-15
811,20469,2015-01-16
812,20460,2015-01-17
813,20453,2015-01-18
814,20446,2015-01-19
815,20444,2015-01-20
816,20446,2015-01-21
817,20438,2015-01-22
818,20438,2015-01-23
819,20442,2015-01-24
820,20435,2015-01-25
821,20439,2015-01-26
822,20438,2015-01-27
823,20447,2015-01-28
824,20449,2015-01-29
825,20452,2015-01-30
826,20445,2015-01-31
827,20433,2015-02-01
828,20431,2015-02-02
829,20425,2015-02-03
830,20421,2015-02-04
831,20425,2015-02-05
832,20421,2015-02-06
833,20423,2015-02-07
834,20422,2015-02-08
835,20426,2015-02-09
836,20438,2015-02-10
837,20457,2015-02-11
838,20567,2015-02-12
839,20655,2015-02-13
840,20732,2015-02-14
841,20838,2015-02-15
842,20892,2015-02-16
843,20969,2015-02-17
844,21027,2015-02-18
845,21134,2015-02-19
846,21246,2015-02-20
847,21265,2015-02-21
848,21264,2015-02-22
849,21266,2015-02-23
850,21267,2015-02-24
851,21270,2015-02-25
852,21269,2015-02-26
853,21271,2015-02-27
854,21285,2015-02-28
855,21289,2015-03-01
856,21287,2015-03-02
857,21292,2015-03-03
858,21350,2015-03-04
859,21462,2015-03-05
860,21488,2015-03-06
861,21529,2015-03-07
862,21613,2015-03-07
863,21625,2015-03-08
864,21637,2015-03-09
865,21725,2015-03-10
866,21779,2015-03-11
867,21930,2015-03-12
868,22072,2015-03-13
869,22181,2015-03-14
870,22331,2015-03-15
871,22476,2015-03-16
872,22620,2015-03-17
873,22727,2015-03-18
874,22817,2015-03-19
875,22974,2015-03-20
876,23116,2015-03-21
877,23282,2015-03-22
878,23435,2015-03-23
879,23589,2015-03-24
880,23716,2015-03-25
881,23798,2015-03-26
882,23868,2015-03-27
883,23995,2015-03-28
884,24086,2015-03-29
885,24215,2015-03-30
886,24214,2015-03-31
887,24218,2015-04-01
888,24357,2015-04-02
889,24438,2015-04-03
890,24535,2015-04-04
891,24593,2015-04-05
892,24625,2015-04-06
893,24739,2015-04-07
894,24841,2015-04-08
895,24961,2015-04-09
896,25067,2015-04-10
897,25190,2015-04-11
898,25349,2015-04-12
899,25427,2015-04-13
900,25538,2015-04-14
901,25534,2015-04-15
902,25529,2015-04-16
903,25629,2015-04-17
904,25674,2015-04-18
905,25670,2015-04-19
906,25671,2015-04-20
907,25670,2015-04-21
908,25671,2015-04-22
909,25671,2015-04-23
910,25662,2015-04-24
911,25659,2015-04-25
912,25652,2015-04-26
913,25646,2015-04-27
914,25642,2015-04-28
915,25637,2015-04-29
916,25631,2015-04-30
917,25620,2015-05-01
918,25616,2015-05-02
919,25613,2015-05-03
920,25606,2015-05-04
921,25601,2015-05-05
922,25591,2015-05-06
923,25592,2015-05-07
924,25584,2015-05-08
925,25579,2015-05-09
926,25572,2015-05-10
927,25570,2015-05-11
928,25567,2015-05-12
929,25562,2015-05-13
930,25563,2015-05-14
931,25566,2015-05-15
932,25562,2015-05-16
933,25558,2015-05-17
934,25555,2015-05-18
935,25549,2015-05-19
936,25544,2015-05-20
937,25535,2015-05-21
938,25546,2015-05-22
939,25548,2015-05-23
940,25548,2015-05-24
941,25546,2015-05-25
942,25549,2015-05-26
943,25554,2015-05-27
944,25551,2015-05-28
945,25545,2015-05-29
946,25544,2015-05-30
947,25538,2015-05-31
948,25532,2015-06-01
949,25530,2015-06-02
950,25533,2015-06-03
951,25551,2015-06-04
952,25557,2015-06-05
953,25558,2015-06-06
954,25559,2015-06-07
955,25551,2015-06-08
956,25554,2015-06-09
957,25553,2015-06-10
958,25552,2015-06-11
959,25560,2015-06-12
960,25564,2015-06-13
961,25565,2015-06-14
962,25568,2015-06-15
963,25574,2015-06-16
964,25576,2015-06-17
965,25579,2015-06-18
966,25579,2015-06-19
967,25576,2015-06-20
968,25575,2015-06-21
969,25580,2015-06-22
970,25587,2015-06-23
971,25589,2015-06-24
972,25593,2015-06-25
973,25592,2015-06-26
974,25596,2015-06-27
975,25597,2015-06-28
976,25606,2015-06-29
977,25613,2015-06-30
978,25611,2015-07-01
979,25615,2015-07-02
980,25619,2015-07-03
981,25614,2015-07-04
982,25629,2015-07-05
983,25643,2015-07-06
984,25655,2015-07-07
985,25692,2015-07-08
986,25742,2015-07-09
987,25764,2015-07-10
988,25771,2015-07-11
989,25785,2015-07-12
990,25786,2015-07-13
991,25789,2015-07-14
992,25791,2015-07-15
993,25789,2015-07-16
994,25796,2015-07-17
995,25794,2015-07-18
996,25794,2015-07-19
997,25788,2015-07-20
998,25792,2015-07-21
999,25798,2015-07-22
1000,25797,2015-07-23
1001,25803,2015-07-24
1002,25798,2015-07-25
1003,25798,2015-07-26
1004,25795,2015-07-27
1005,25797,2015-07-28
1006,25801,2015-07-29
1007,25801,2015-07-30
1008,25800,2015-07-31
1009,25807,2015-08-01
1010,25809,2015-08-02
1011,25807,2015-08-03
1012,25807,2015-08-04
1013,25811,2015-08-05
1014,25814,2015-08-06
1015,25816,2015-08-07
1016,25818,2015-08-08
1017,25821,2015-08-09
1018,25823,2015-08-10
1019,25825,2015-08-11
1020,25834,2015-08-12
1021,25837,2015-08-13
1022,25834,2015-08-14
1023,25839,2015-08-15
1024,25843,2015-08-16
1025,25842,2015-08-17
1026,25846,2015-08-18
1027,25848,2015-08-19
1028,25850,2015-08-20
1029,25852,2015-08-21
1030,25851,2015-08-22
1031,25852,2015-08-23
1032,25847,2015-08-24
1033,25851,2015-08-25
1034,25847,2015-08-26
1035,25849,2015-08-27
1036,25848,2015-08-28
1037,25850,2015-08-29
1038,25848,2015-08-30
1039,25849,2015-08-31
1040,25846,2015-09-01
1041,25847,2015-09-02
1042,25848,2015-09-03
1043,25850,2015-09-04
1044,25847,2015-09-05
1045,25840,2015-09-06
1046,25836,2015-09-07
1047,25663,2015-09-08
1048,25391,2015-09-09
1049,25117,2015-09-10
1050,24953,2015-09-11
1051,24739,2015-09-12
1052,24477,2015-09-13
1053,24264,2015-09-14
1054,23994,2015-09-15
1055,23719,2015-09-16
1056,23456,2015-09-17
1057,23193,2015-09-18
1058,23111,2015-09-19
1059,23111,2015-09-20
1060,23111,2015-09-21
1061,23114,2015-09-22
1062,23109,2015-09-23
1063,23111,2015-09-24
1064,23113,2015-09-25
1065,23107,2015-09-26
1066,23105,2015-09-27
1067,23102,2015-09-28
1068,23094,2015-09-29
1069,23092,2015-09-30
1070,23088,2015-10-01
1071,23089,2015-10-02
1072,23091,2015-10-03
1073,23083,2015-10-04
1074,23081,2015-10-05
1075,23078,2015-10-06
1076,23076,2015-10-07
1077,23073,2015-10-08
1078,23078,2015-10-09
1079,23076,2015-10-10
1080,23077,2015-10-11
1081,23076,2015-10-12
1082,23076,2015-10-13
1083,23072,2015-10-14
1084,23065,2015-10-15
1085,23063,2015-10-16
1086,23065,2015-10-17
1087,23067,2015-10-18
1088,23063,2015-10-19
1089,23060,2015-10-20
1090,23060,2015-10-21
1091,23058,2015-10-22
1092,23061,2015-10-23
1093,23053,2015-10-24
1094,23052,2015-10-25
1095,23047,2015-10-26
1096,23038,2015-10-27
1097,23034,2015-10-28
1098,23035,2015-10-29
1099,23027,2015-10-30
1100,23028,2015-10-31
1101,23029,2015-11-01
1102,23028,2015-11-02
1103,23025,2015-11-03
1104,23034,2015-11-04
1105,23034,2015-11-05
1106,23036,2015-11-06
1107,23040,2015-11-07
1108,23041,2015-11-08
1109,23039,2015-11-09
1110,23044,2015-11-10
1111,23042,2015-11-11
1112,23043,2015-11-12
1113,23043,2015-11-13
1114,23044,2015-11-14
1115,23043,2015-11-15
1116,23041,2015-11-16
1117,23043,2015-11-17
1118,23043,2015-11-18
1119,23042,2015-11-19
1120,23038,2015-11-20
1121,23037,2015-11-21
1122,23040,2015-11-22
1123,23042,2015-11-23
1124,23043,2015-11-24
1125,23043,2015-11-25
1126,23045,2015-11-26
1127,23042,2015-11-27
1128,23037,2015-11-28
1129,23036,2015-11-29
1130,23036,2015-11-30
1131,23031,2015-12-01
1132,23028,2015-12-02
1133,23027,2015-12-03
1134,23028,2015-12-04
1135,23029,2015-12-05
1136,23028,2015-12-06
1137,23028,2015-12-07
1138,23027,2015-12-08
1139,23028,2015-12-09
1140,23031,2015-12-10
1141,23033,2015-12-11
1142,23033,2015-12-12
1143,23032,2015-12-13
1144,23033,2015-12-14
1145,22970,2015-12-15
1146,22934,2015-12-16
1147,22900,2015-12-17
1148,22858,2015-12-18
1149,22799,2015-12-19
1150,22758,2015-12-20
1151,22713,2015-12-21
1152,22666,2015-12-22
1153,22618,2015-12-23
1154,22570,2015-12-24
1155,22482,2015-12-25
1156,22444,2015-12-26
1157,22373,2015-12-27
1158,22261,2015-12-28
1159,22178,2015-12-29
1160,22145,2015-12-30
1161,22125,2015-12-31
1162,22113,2016-01-01
1163,22105,2016-01-02
1164,22101,2016-01-03
1165,22091,2016-01-04
1166,22090,2016-01-05
1167,22096,2016-01-06
1168,22101,2016-01-07
1169,22101,2016-01-08
1170,22098,2016-01-09
1171,22095,2016-01-10
1172,22099,2016-01-11
1173,22101,2016-01-12
1174,22103,2016-01-13
1175,22108,2016-01-14
1176,22112,2016-01-15
1177,22111,2016-01-16
1178,22115,2016-01-17
1179,22117,2016-01-18
1180,22112,2016-01-19
1181,22117,2016-01-20
1182,22121,2016-01-21
1183,22126,2016-01-22
1184,22114,2016-01-23
1185,22113,2016-01-24
1186,22110,2016-01-25
1187,22107,2016-01-26
1188,22110,2016-01-27
1189,22109,2016-01-28
1190,22117,2016-01-29
1191,22111,2016-01-30
1192,22110,2016-01-31
1193,22106,2016-02-01
1194,22104,2016-02-02
1195,22102,2016-02-03
1196,22106,2016-02-04
1197,22107,2016-02-05
1198,22105,2016-02-06
1199,22104,2016-02-07
1200,22105,2016-02-08
1201,22101,2016-02-09
1202,22101,2016-02-10
1203,22099,2016-02-11
1204,22094,2016-02-12
1205,22090,2016-02-13
1206,22092,2016-02-14
1207,22093,2016-02-15
1208,22089,2016-02-16
1209,22090,2016-02-17
1210,22094,2016-02-18
1211,22093,2016-02-19
1212,22098,2016-02-20
1213,22092,2016-02-21
1214,22089,2016-02-22
1215,22084,2016-02-23
1216,22082,2016-02-24
1217,22083,2016-02-25
1218,22080,2016-02-26
1219,22078,2016-02-27
1220,22075,2016-02-28
1221,22072,2016-02-29
1222,22072,2016-03-01
1223,22072,2016-03-02
1224,22069,2016-03-03
1225,22086,2016-03-04
1226,22086,2016-03-05
1227,22088,2016-03-06
1228,22084,2016-03-07
1229,22087,2016-03-08
1230,22082,2016-03-09
1231,22086,2016-03-10
1232,22084,2016-03-11
1233,22085,2016-03-12
1234,22086,2016-03-12
1235,22085,2016-03-13
1236,22084,2016-03-14
1237,22083,2016-03-15
1238,22080,2016-03-16
1239,22082,2016-03-17
1240,22079,2016-03-18
1241,22079,2016-03-19
1242,22075,2016-03-20
1243,22072,2016-03-21
1244,22064,2016-03-22
1245,22061,2016-03-23
1246,22065,2016-03-24
1247,22064,2016-03-25
1248,22062,2016-03-26
1249,22057,2016-03-27
1250,22053,2016-03-28
1251,22049,2016-03-29
1252,22049,2016-03-30
1253,22042,2016-03-31
1254,22039,2016-04-01
1255,22030,2016-04-02
1256,22025,2016-04-03
1257,22020,2016-04-04
1258,22020,2016-04-05
1259,22016,2016-04-06
1260,22016,2016-04-07
1261,22009,2016-04-08
1262,22005,2016-04-09
1263,22002,2016-04-10
1264,22001,2016-04-11
1265,22002,2016-04-12
1266,22002,2016-04-13
1267,22000,2016-04-14
1268,21997,2016-04-15
1269,21999,2016-04-16
1270,21995,2016-04-17
1271,22001,2016-04-18
1272,21998,2016-04-19
1273,21995,2016-04-20
1274,21992,2016-04-21
1275,21993,2016-04-22
1276,21992,2016-04-23
1277,21986,2016-04-24
1278,21995,2016-04-25
1279,22001,2016-04-26
1280,22000,2016-04-27
1281,21997,2016-04-28
1282,21996,2016-04-29
1283,21996,2016-04-30
1284,21993,2016-05-01
1285,21990,2016-05-02
1286,21984,2016-05-03
1287,21979,2016-05-04
1288,21977,2016-05-05
1289,21977,2016-05-06
1290,21981,2016-05-07
1291,21983,2016-05-08
1292,21989,2016-05-09
1293,21986,2016-05-10
1294,21987,2016-05-11
1295,21983,2016-05-12
1296,21981,2016-05-13
1297,21979,2016-05-14
1298,21978,2016-05-15
1299,21980,2016-05-16
1300,21976,2016-05-17
1301,21976,2016-05-18
1302,21978,2016-05-19
1303,21980,2016-05-20
1304,21976,2016-05-21
1305,21974,2016-05-22
1306,21975,2016-05-23
1307,21977,2016-05-24
1308,21977,2016-05-25
1309,21975,2016-05-26
1310,21974,2016-05-27
1311,21972,2016-05-28
1312,21970,2016-05-29
1313,21969,2016-05-30
1314,21968,2016-05-31
1315,21967,2016-06-01
1316,21967,2016-06-02
1317,21970,2016-06-03
1318,21969,2016-06-04
1319,21970,2016-06-05
1320,21972,2016-06-06
1321,21966,2016-06-07
1322,21967,2016-06-08
1323,21972,2016-06-09
1324,21978,2016-06-10
1325,21973,2016-06-11
1326,21976,2016-06-12
1327,21979,2016-06-13
1328,21982,2016-06-14
1329,21981,2016-06-15
1330,21980,2016-06-16
1331,21982,2016-06-17
1332,21981,2016-06-18
1333,21983,2016-06-19
1334,21985,2016-06-20
1335,21990,2016-06-21
1336,21990,2016-06-22
1337,21999,2016-06-23
1338,21995,2016-06-24
1339,22001,2016-06-25
1340,22005,2016-06-26
1341,22001,2016-06-27
1342,21999,2016-06-28
1343,22008,2016-06-29
1344,22009,2016-06-30
1345,22010,2016-07-01
1346,22011,2016-07-02
1347,22012,2016-07-03
1348,22013,2016-07-04
1349,22014,2016-07-05
1350,22021,2016-07-06
1351,22022,2016-07-07
1352,22025,2016-07-08
1353,22029,2016-07-09
1354,22032,2016-07-10
1355,22033,2016-07-11
1356,22034,2016-07-12
1357,22032,2016-07-13
1358,22035,2016-07-14
1359,22037,2016-07-15
1360,22037,2016-07-16
1361,22035,2016-07-17
1362,22035,2016-07-18
1363,22032,2016-07-19
1364,22031,2016-07-20
1365,22030,2016-07-21
1366,22028,2016-07-22
1367,22022,2016-07-23
1368,22019,2016-07-24
1369,22018,2016-07-25
1370,22021,2016-07-26
1371,22025,2016-07-27
1372,22023,2016-07-28
1373,22026,2016-07-29
1374,22022,2016-07-30
1375,22021,2016-07-31
1376,22017,2016-08-01
1377,22022,2016-08-02
1378,22021,2016-08-03
1379,22025,2016-08-04
1380,22027,2016-08-05
1381,22031,2016-08-06
1382,22032,2016-08-07
1383,22030,2016-08-08
1384,22031,2016-08-09
1385,22028,2016-08-10
1386,22024,2016-08-11
1387,22025,2016-08-12
1388,22025,2016-08-13
1389,22028,2016-08-14
1390,22030,2016-08-15
1391,22028,2016-08-16
1392,22030,2016-08-17
1393,22031,2016-08-18
1394,22026,2016-08-19
1395,22027,2016-08-20
1396,22027,2016-08-21
1397,22031,2016-08-22
1398,22041,2016-08-23
1399,22043,2016-08-24
1400,22043,2016-08-25
1401,22042,2016-08-26
1402,22037,2016-08-27
1403,22034,2016-08-28
1404,22031,2016-08-29
1405,22029,2016-08-30
1406,22029,2016-08-31
1407,22027,2016-09-01
1408,22030,2016-09-02
1409,22025,2016-09-03
1410,22028,2016-09-04
1411,22025,2016-09-05
1412,22024,2016-09-06
1413,22025,2016-09-07
1414,22023,2016-09-08
1415,22020,2016-09-09
1416,22016,2016-09-10
1417,22016,2016-09-11
1418,22011,2016-09-12
1419,22011,2016-09-13
1420,22014,2016-09-14
1421,22012,2016-09-15
1422,22010,2016-09-16
1423,22006,2016-09-17
1424,22004,2016-09-18
1425,22007,2016-09-19
1426,22011,2016-09-20
1427,22005,2016-09-21
1428,22005,2016-09-22
1429,22008,2016-09-23
1430,22008,2016-09-24
1431,22012,2016-09-25
1432,22009,2016-09-26
1433,22007,2016-09-27
1434,22008,2016-09-28
1435,22008,2016-09-29
1436,22009,2016-09-30
1437,22006,2016-10-01
1438,22006,2016-10-02
1439,21998,2016-10-03
1440,21996,2016-10-04
1441,21992,2016-10-05
1442,21992,2016-10-06
1443,21990,2016-10-07
1444,21994,2016-10-08
1445,21989,2016-10-09
1446,21988,2016-10-10
1447,21981,2016-10-11
1448,21981,2016-10-12
1449,21982,2016-10-13
1450,21980,2016-10-14
1451,21979,2016-10-15
1452,21978,2016-10-16
1453,21977,2016-10-17
1454,21976,2016-10-18
1455,21975,2016-10-19
1456,21974,2016-10-20
1457,21973,2016-10-21
1458,21972,2016-10-22
1459,21971,2016-10-23
1460,21976,2016-10-24
1461,21974,2016-10-25
1462,21972,2016-10-26
1463,21970,2016-10-27
1464,21968,2016-10-28
1465,21966,2016-10-29
1466,21964,2016-10-30
1467,21962,2016-10-31
1468,21960,2016-11-01
1469,21958,2016-11-02
1470,21956,2016-11-03
1471,21954,2016-11-04
1472,21952,2016-11-05
1473,21950,2016-11-06
1474,21952,2016-11-07
1475,21950,2016-11-08
1476,21948,2016-11-09
1477,21947,2016-11-10
1478,21949,2016-11-11
1479,21944,2016-11-12
1480,21945,2016-11-13
1481,21946,2016-11-14
1482,21948,2016-11-15
1483,21950,2016-11-16
1484,21950,2016-11-17
1485,21948,2016-11-18
1486,21949,2016-11-19
1487,21950,2016-11-20
1488,21949,2016-11-21
1489,21948,2016-11-22
1490,21948,2016-11-23
1491,21949,2016-11-24
1492,21947,2016-11-25
1493,21945,2016-11-26
1494,21945,2016-11-27
1495,21943,2016-11-28
1496,21942,2016-11-29
1497,21941,2016-11-30
1498,21942,2016-12-01
1499,21943,2016-12-02
1500,21944,2016-12-03
1501,21946,2016-12-04
1502,21938,2016-12-05
1503,21937,2016-12-06
1504,21936,2016-12-07
1505,21935,2016-12-08
1506,21934,2016-12-09
1507,21933,2016-12-10
1508,21932,2016-12-11
1509,21931,2016-12-12
1510,21930,2016-12-13
1511,21929,2016-12-14
1512,21928,2016-12-15
1513,21927,2016-12-16
1514,21926,2016-12-17
1515,21925,2016-12-18
1516,21924,2016-12-19
1517,21923,2016-12-20
1518,21922,2016-12-21
1519,21921,2016-12-22
1520,21920,2016-12-23
1521,21919,2016-12-24
1522,21918,2016-12-25
1523,21917,2016-12-26
1524,21916,2016-12-27
1525,21915,2016-12-28
1526,21914,2016-12-29
1527,21931,2016-12-30
1528,21936,2016-12-31
1529,21936,2017-01-01
1530,21942,2017-01-02
1531,21948,2017-01-03
1532,21953,2017-01-04
1533,21954,2017-01-05
1534,21968,2017-01-06
1535,21979,2017-01-07
1536,21975,2017-01-08
1537,21986,2017-01-09
1538,22003,2017-01-10
1539,22007,2017-01-11
1540,22008,2017-01-12
1541,22009,2017-01-13
1542,22014,2017-01-14
1543,22018,2017-01-15
1544,22020,2017-01-16
1545,22022,2017-01-17
1546,22029,2017-01-18
1547,22030,2017-01-19
1548,22035,2017-01-20
1549,22033,2017-01-21
1550,22033,2017-01-22
1551,22036,2017-01-23
1552,22035,2017-01-24
1553,22038,2017-01-25
1554,22046,2017-01-26
1555,22056,2017-01-27
1556,22061,2017-01-28
1557,22063,2017-01-29
1558,22087,2017-01-30
1559,22102,2017-01-31
1560,22106,2017-02-01
1561,22116,2017-02-02
1562,22124,2017-02-03
1563,22136,2017-02-04
1564,22142,2017-02-05
1565,22146,2017-02-06
1566,22138,2017-02-07
1567,22145,2017-02-08
1568,22148,2017-02-09
1569,22151,2017-02-10
1570,22156,2017-02-11
1571,22159,2017-02-12
1572,22160,2017-02-13
1573,22166,2017-02-14
1574,22170,2017-02-15
1575,22169,2017-02-16
1576,22174,2017-02-17
1577,22173,2017-02-18
1578,22175,2017-02-19
1579,22173,2017-02-20
1580,22174,2017-02-21
1581,22174,2017-02-22
1582,22170,2017-02-23
1583,22171,2017-02-24
1584,22170,2017-02-25
1585,22171,2017-02-26
1586,22179,2017-02-27
1587,22182,2017-02-28
1588,22177,2017-03-01
1589,22177,2017-03-02
1590,22187,2017-03-03
1591,22190,2017-03-04
1592,22191,2017-03-05
1593,22206,2017-03-06
1594,22210,2017-03-07
1595,22210,2017-03-08
1596,22210,2017-03-09
1597,22213,2017-03-10
1598,22217,2017-03-11
1599,22216,2017-03-11
1600,22217,2017-03-12
1601,22218,2017-03-13
1602,22225,2017-03-14
1603,22229,2017-03-15
1604,22243,2017-03-16
1605,22247,2017-03-17
1606,22260,2017-03-18
1607,22262,2017-03-19
1608,22265,2017-03-20
1609,22261,2017-03-21
1610,22266,2017-03-22
1611,22276,2017-03-23
1612,22289,2017-03-24
1613,22303,2017-03-25
1614,22310,2017-03-26
1615,22317,2017-03-27
1616,22313,2017-03-28
1617,22365,2017-03-29
1618,22417,2017-03-30
1619,22440,2017-03-31
1620,22465,2017-04-01
1621,22519,2017-04-02
1622,22573,2017-04-03
1623,22661,2017-04-04
1624,22788,2017-04-05
1625,22882,2017-04-06
1626,22949,2017-04-07
1627,22989,2017-04-08
1628,23061,2017-04-09
1629,23112,2017-04-10
1630,23155,2017-04-11
1631,23244,2017-04-12
1632,23289,2017-04-13
1633,23332,2017-04-14
1634,23396,2017-04-15
1635,23437,2017-04-16
1636,23504,2017-04-17
1637,23558,2017-04-18
1638,23600,2017-04-19
1639,23616,2017-04-20
1640,23662,2017-04-21
1641,23729,2017-04-22
1642,23804,2017-04-23
1643,23864,2017-04-24
1644,23915,2017-04-25
1645,23982,2017-04-26
1646,24058,2017-04-27
1647,24095,2017-04-28
1648,24139,2017-04-29
1649,24186,2017-04-30
1650,24234,2017-05-01
1651,24272,2017-05-02
1652,24555,2017-05-03
1653,24899,2017-05-04
1654,25092,2017-05-05
1655,25275,2017-05-06
1656,25513,2017-05-07
1657,25684,2017-05-08
1658,25911,2017-05-09
1659,26291,2017-05-10
1660,26474,2017-05-11
1661,26580,2017-05-12
1662,26705,2017-05-13
1663,26796,2017-05-14
1664,26927,2017-05-15
1665,27079,2017-05-16
1666,27201,2017-05-17
1667,27294,2017-05-18
1668,27425,2017-05-19
1669,27543,2017-05-20
1670,27673,2017-05-21
1671,27892,2017-05-22
1672,28086,2017-05-23
1673,28313,2017-05-24
1674,28490,2017-05-25
1675,28650,2017-05-26
1676,28785,2017-05-27
1677,28893,2017-05-28
1678,29029,2017-05-29
1679,29191,2017-05-30
1680,29320,2017-05-31
1681,29479,2017-06-01
1682,29605,2017-06-02
1683,29712,2017-06-03
1684,29861,2017-06-04
1685,30090,2017-06-05
1686,30371,2017-06-06
1687,30582,2017-06-07
1688,30762,2017-06-08
1689,30926,2017-06-09
1690,31154,2017-06-10
1691,31515,2017-06-11
1692,31855,2017-06-12
1693,32156,2017-06-13
1694,32464,2017-06-14
1695,32702,2017-06-15
1696,33101,2017-06-16
1697,34000,2017-06-17
1698,34651,2017-06-18
1699,35190,2017-06-19
1700,35545,2017-06-20
1701,35819,2017-06-21
1702,36138,2017-06-22
1703,36391,2017-06-23
1704,36595,2017-06-24
1705,36821,2017-06-25
1706,37095,2017-06-26
1707,37322,2017-06-27
1708,37517,2017-06-28
1709,37692,2017-06-29
1710,37837,2017-06-30
1711,37958,2017-07-01
1712,38081,2017-07-02
1713,38443,2017-07-03
1714,39010,2017-07-04
1715,39415,2017-07-05
1716,39674,2017-07-06
1717,39910,2017-07-07
1718,40150,2017-07-08
1719,40381,2017-07-09
1720,40613,2017-07-10
1721,40807,2017-07-11
1722,40984,2017-07-12
1723,41177,2017-07-13
1724,41370,2017-07-14
1725,41563,2017-07-15
1726,41756,2017-07-16
1727,41949,2017-07-17
1728,42145,2017-07-18
1729,42271,2017-07-19
1730,42455,2017-07-20
1731,42618,2017-07-21
1732,42758,2017-07-22
1733,42904,2017-07-23
1734,43035,2017-07-24
1735,43188,2017-07-25
1736,43328,2017-07-26
1737,43449,2017-07-27
1738,43583,2017-07-28
1739,43712,2017-07-29
1740,43840,2017-07-30
1741,43989,2017-07-31
1742,44170,2017-08-01
1743,44424,2017-08-02
1744,44561,2017-08-03
1745,44667,2017-08-04
1746,44804,2017-08-05
1747,44951,2017-08-06
1748,45147,2017-08-07
1749,45431,2017-08-08
1750,45650,2017-08-09
1751,45804,2017-08-10
1752,45951,2017-08-11
1753,46108,2017-08-12
1754,46308,2017-08-13
1755,46504,2017-08-14
1756,46675,2017-08-15
1757,46861,2017-08-16
1758,47082,2017-08-17
1759,47319,2017-08-18
1760,47469,2017-08-19
1761,47650,2017-08-20
1762,47861,2017-08-21
1763,48082,2017-08-22
1764,48602,2017-08-23
1765,48977,2017-08-24
1766,49212,2017-08-25
1767,49423,2017-08-26
1768,50098,2017-08-27
1769,50571,2017-08-28
1770,50955,2017-08-29
1771,51350,2017-08-30
1772,52008,2017-08-31
1773,53257,2017-09-01
1774,53914,2017-09-02
1775,54341,2017-09-03
1776,54809,2017-09-04
1777,55171,2017-09-05
1778,55637,2017-09-06
1779,55973,2017-09-07
1780,56294,2017-09-08
1781,56517,2017-09-09
1782,56774,2017-09-10
1783,56987,2017-09-11
1784,57238,2017-09-12
1785,57523,2017-09-13
1786,57876,2017-09-14
1787,58195,2017-09-15
1788,58474,2017-09-16
1789,58665,2017-09-17
1790,58927,2017-09-18
1791,59153,2017-09-19
1792,59370,2017-09-20
1793,59590,2017-09-21
1794,59783,2017-09-22
1795,59912,2017-09-23
1796,60068,2017-09-24
1797,60219,2017-09-25
1798,60382,2017-09-26
1799,60559,2017-09-27
1800,60738,2017-09-28
1801,60872,2017-09-29
1802,60993,2017-09-30
1803,61115,2017-10-01
1804,61258,2017-10-02
1805,61412,2017-10-03
1806,61546,2017-10-04
1807,61663,2017-10-05
1808,61777,2017-10-06
1809,61892,2017-10-07
1810,62042,2017-10-08
1811,62192,2017-10-09
1812,62328,2017-10-10
1813,62464,2017-10-11
1814,62710,2017-10-12
1815,62956,2017-10-13
1816,63313,2017-10-14
1817,63612,2017-10-15
1818,63833,2017-10-16
1819,64087,2017-10-17
